{
    "bones": [
      {
        "name": "body",
        "pivot": [ 0.0, 6.0, 0.0 ],
        "cubes": [
          {
            "origin": [ -4.0, 6.0, -2.0 ],
            "size": [ 8, 12, 4 ],
            "uv": [ 16, 16 ]
          }
        ]
      },
      {
        "name": "head",
        "pivot": [ 0.0, 6.0, 0.0 ],
        "cubes": [
          {
            "origin": [ -4.0, 14.0, -4.0 ],
            "size": [ 8, 8, 8 ],
            "uv": [ 0, 0 ]
          }
        ]
      },
      {
        "name": "leg0",
        "pivot": [ -2.0, 6.0, 4.0 ],
        "cubes": [
          {
            "origin": [ -4.0, -6.0, 2.0 ],
            "size": [ 4, 6, 4 ],
            "uv": [ 0, 16 ]
          }
        ]
      },
      {
        "name": "leg1",
        "pivot": [ 2.0, 6.0, 4.0 ],
        "cubes": [
          {
            "origin": [ 0.0, -6.0, 2.0 ],
            "size": [ 4, 6, 4 ],
            "uv": [ 0, 16 ]
          }
        ]
      },
      {
        "name": "leg2",
        "pivot": [ -2.0, 6.0, -4.0 ],
        "cubes": [
          {
            "origin": [ -4.0, -6.0, -6.0 ],
            "size": [ 4, 6, 4 ],
            "uv": [ 0, 16 ]
          }
        ]
      },
      {
        "name": "leg3",
        "pivot": [ 2.0, 6.0, -4.0 ],
        "cubes": [
          {
            "origin": [ 0.0, -6.0, -6.0 ],
            "size": [ 4, 6, 4 ],
            "uv": [ 0, 16 ]
          }
        ]
      }
    ]
}
